word_i;c_i;C
приостановит;-3.04360317215
работу;-1.07577475768
;;0.0535447853631